date,plot,species,si.offset.e,si.offset.n,tree.easting,tree.northing,sensor.est.e,sensor.est.n,dbh,height,cbh,rad.in,rad.out,distance,bearing,east.center,north.center,tag
2013-09-20,PLT0020,acerru,516.2709961,11.33110046,732109.171,4713233.231,732110.079,4713235.013,20.2,22.2,8.5,1.88,2.49,2,207,0.907980999,1.782013048,260057
2013-09-20,PLT0020,acerru,512.6879883,10.79080009,732105.588,4713232.691,732109.7133,4713234.793,27.4,20.4,6.8,1.8,2.89,4.63,243,4.125360207,2.101976014,260058
2013-09-20,PLT0020,acerru,512.5449829,12.1196003,732105.445,4713234.02,732109.9982,4713234.741,25.8,23.2,8,2.32,3.9,4.61,261,4.55324325,0.721162884,260060
2013-09-20,PLT0020,betual,515.6279907,15.3355999,732108.528,4713237.236,732109.2336,4713234.775,12,15.9,1.8,2.84,4.39,2.56,344,0.705631631,-2.460829942,260055
2013-09-20,PLT0020,acerru,516.84198,16.54330063,732109.742,4713238.443,732109.5139,4713235.181,30.8,15.7,10.2,4.18,3.3,3.27,4,-0.228103669,-3.262034444,260054
2013-09-20,PLT0020,querru,520.1589966,19.59860039,732113.059,4713241.499,732109.5004,4713234.806,42.5,25.9,16,5.94,8.66,7.58,28,-3.558594446,-6.692742754,270026
2013-09-20,PLT0020,querru,520.1669922,15.23050022,732113.067,4713237.131,732107.8576,4713234.361,37,26.3,11.6,5.15,2.71,5.9,62,-5.209390798,-2.76988222,270021
2013-09-20,PLT0020,querru,520.9180298,14.89729977,732113.818,4713236.797,732107.7542,4713234.347,39.5,20.1,14.3,5.05,5.9,6.54,68,-6.063782409,-2.449927121,270019
2013-09-20,PLT0020,acerru,518.8140259,11.61530018,732111.714,4713233.515,732109.5403,4713234.77,20.4,22.4,5.3,2.97,5.08,2.51,120,-2.173723763,1.255,260056
2013-09-20,PLT0020,acerru,517.6409912,8.84910965,732110.541,4713230.749,732109.6074,4713234.793,32.8,33.8,13.1,4.16,3.55,4.15,167,-0.933546876,4.043635769,260066
2013-09-20,PLT0050,acerru,628.0839844,25.03689957,732220.984,4713246.937,732223.493,4713247.85,15.9,12.4,8.4,3.31,2.59,2.67,250,2.508979297,0.913193783,320176
2013-09-20,PLT0050,querru,620.2979736,30.34770012,732213.198,4713252.248,732223.2143,4713249.376,52.3,23.4,10.9,10.26,6.76,10.42,286,10.01634687,-2.872141248,320215
2013-09-20,PLT0050,querru,NA,NA,731592.9,4713221.9,731586.6576,4713218.581,42,24.7,8.3,4.48,9.28,7.07,62,-6.242439482,-3.319163949,320260
2013-09-20,PLT0050,querru,629.2490234,19.64019966,732222.149,4713241.54,732225.4027,4713246.747,45,17.5,10.7,10.77,3.42,6.14,212,3.253704282,5.20701531,320069
2013-09-20,PLT0050,querru,625.0239868,19.45050049,732217.924,4713241.351,732224.4042,4713247.185,43,21,13.6,4.59,4.19,8.72,228,6.480222878,5.834818887,320064
2013-09-20,PLT0041,acerru,644.2379761,21.13470078,732237.138,4713243.035,732237.6663,4713242.73,4.6,4.6,1.7,1.55,1.09,0.61,300,0.528275496,-0.305,330166
2013-09-20,PLT0041,acerru,646.5250244,23.36039925,732239.425,4713245.26,732238.0072,4713242.594,16,12,4.4,3.16,2.94,3.02,28,-1.41780412,-2.66650173,330165
2013-09-20,PLT0041,querru,651.2160034,29.15690041,732244.116,4713251.057,732238.9493,4713242.788,58.4,24.1,11.7,6.46,8.93,9.75,32,-5.166712826,-8.268468938,330228
2013-09-20,PLT0041,querru,638.4609985,17.73509979,732231.361,4713239.635,732239.2235,4713242.812,47.3,25.6,13.6,10.48,3.41,8.48,248,7.862519087,3.176663912,320101
2013-09-20,PLT0041,querru,642.2949829,22.48830032,732235.195,4713244.388,732239.3325,4713243.509,37,17.4,11.3,6.84,2.07,4.23,282,4.137564351,-0.879466452,330145
2013-09-20,PLT0043,querru,602.5349731,22.92259979,732195.435,4713244.823,732195.1904,4713247.15,47.6,27.1,12,2.5,8.55,2.34,174,-0.244596604,2.327181235,310173
2013-09-20,PLT0043,querru,599.2490234,23.92970085,732192.149,4713245.83,732194.9546,4713246.741,65.8,30.5,11.7,9.5,7.73,2.95,252,2.805616723,0.911600133,300172
2013-09-20,PLT0043,Fagugr,599.0079956,22.8390007,732191.908,4713244.739,732195.9598,4713246.376,20,13.2,0.8,5.3,5.73,4.37,248,4.051793444,1.637030813,300173
2013-09-20,PLT0043,pinust,605.9920044,30.58309937,732198.892,4713252.483,732196.0525,4713245.455,62,23.3,13.8,4.33,5.61,7.58,22,-2.839517978,-7.028053618,310228
2013-09-20,PLT0043,acerru,NA,NA,731592.9,4713221.9,731590.6614,4713221.978,15.2,4.3,1.5,1.42,0,2.24,92,-2.238635453,0.078174873,NA
2013-09-20,PLT0043,querru,608.4450073,20.23900032,732201.345,4713242.139,732195.5104,4713245.785,45.5,24.4,13.5,2.71,2.43,6.88,122,-5.834570902,3.645844538,310190
2013-09-20,PLT0043,querru,608.4840088,19.7105999,732201.384,4713241.611,732195.0413,4713246.219,42.7,22.2,11.8,5.48,10.83,7.84,126,-6.342693236,4.608236378,310059
2013-09-20,PLT0032,pinure,562.7880249,162.5509949,732155.688,4713384.451,732155.688,4713384.451,25.3,1.3,1.3,NA,NA,NA,168,NA,NA,290978
2013-09-20,PLT0032,pinure,559.9050293,161.6750031,732152.805,4713383.575,732155.2258,4713385.832,34.3,26.3,19,1.44,1.73,3.31,227,2.420780752,2.257414572,280991
2013-09-20,PLT0032,pinure,557.3430176,161.6380005,732150.243,4713383.538,732155.3111,4713386.233,41,26.4,18.9,1.19,1.75,5.74,242,5.068119183,2.69476677,280993
2013-09-20,PLT0032,pinure,559.0689697,165.5899963,732151.969,4713387.49,732155.1229,4713386.019,37.4,30.5,20.9,2.19,1.74,3.48,295,3.153951099,-1.470711551,280986
2013-09-20,PLT0032,pinure,558.0529785,168.5440063,732150.953,4713390.444,732156.6687,4713387.144,36.6,28.9,18.5,1.46,1.67,6.6,300,5.715767665,-3.3,280980
2013-09-20,PLT0032,pinure,561.625,166.1950073,732154.525,4713388.095,732155.2911,4713385.99,37,26.7,21.3,2.58,3.17,2.24,340,0.766125121,-2.104911471,290952
2013-09-20,PLT0032,pinure,NA,NA,731592.9,4713221.9,731591.0736,4713216.596,37.1,27,17.4,3.27,3.35,5.61,19,-1.826437347,-5.304359209,290960
2013-09-20,PLT0032,pinure,NA,NA,731592.9,4713221.9,731589.0845,4713216.837,33,31,23.5,3.91,3.18,6.34,37,-3.815507247,-5.063349134,290961
2013-09-20,PLT0032,pinure,565.9400024,164.6999969,732158.84,4713386.6,732155.8514,4713386.339,22.4,24.4,10.2,3.49,5.04,3,85,-2.988584094,-0.261467228,290969
2013-09-20,PLT0024,pinure,510.8850098,142.4589996,732103.785,4713364.359,732105.8493,4713364.686,34.5,27,18.7,1.57,2.61,2.09,261,2.064268632,0.326948032,260755
2013-09-20,PLT0024,pinure,509.4570007,144.8589935,732102.357,4713366.759,732105.5669,4713364.98,17.3,1.3,1.3,NA,NA,3.67,299,3.209854325,-1.779251306,260667
2013-09-20,PLT0024,pinure,506.5960083,145.7539978,732099.496,4713367.654,732105.5758,4713365.441,35.8,25.4,18.4,1.63,1.51,6.47,290,6.079811256,-2.212870327,260665
2013-09-20,PLT0024,pinure,511.4559937,146.2059937,732104.356,4713368.106,732105.9034,4713364.933,27,21.3,13.1,1.31,1.57,3.53,334,1.547450148,-3.172742983,260756
2013-09-20,PLT0024,querru,510.9389954,150.8139954,732103.839,4713372.714,732105.9752,4713365.264,41.3,26.4,10.8,5.42,2.56,7.75,344,2.136189508,-7.449778144,260752
2013-09-20,PLT0024,querru,515.9699707,149.0279999,732108.87,4713370.928,732106.1914,4713365.671,35.7,25.5,10.7,2.39,4.96,5.9,27,-2.678543948,-5.256938493,260762
2013-09-20,PLT0024,querru,518.2650146,144.095993,732111.165,4713365.996,732105.6988,4713364.734,39.8,15.9,13,1.02,5.39,5.61,77,-5.466216063,-1.261975415,260767
2013-09-20,PLT0024,pinure,516.1240234,142.7689972,732109.024,4713364.669,732106.2707,4713365.671,39.2,26.9,18.4,2.51,2.78,2.93,110,-2.753299379,1.00211902,260774
2013-09-20,PLT0024,pinure,513.9990234,139.4600067,732106.899,4713361.36,732106.1159,4713365.801,37.2,25.7,15.7,2.44,4.69,4.51,170,-0.783153281,4.441482966,260618
2013-09-20,PLT0024,pinure,511.1289978,138.401001,732104.029,4713360.301,732105.7517,4713366.309,34,23,18.1,2.02,3.16,6.25,196,1.722733474,6.0078856,260617
2013-09-20,PLT0024,acerru,510.3169861,140.8589935,732103.217,4713362.759,732106.0026,4713365.644,21.1,14.2,3.2,3.47,2.15,4.01,224,2.785580066,2.884552599,260754
2013-09-20,PLT0010,acerru,394.7600098,156.3099976,731987.66,4713378.21,731983.2011,4713375.839,33,22.6,9.9,0.84,6.44,5.05,62,-4.458885344,-2.370831392,200496
2013-09-20,PLT0010,acerru,395.1730042,156.3070068,731988.073,4713378.207,731983.3149,4713375.988,34.5,19.8,8.8,9.2,8.44,5.25,65,-4.758115882,-2.218745874,200495
2013-09-20,PLT0010,querru,396.1669922,149.5019989,731989.067,4713371.402,731983.8076,4713377.243,54.5,33.1,13.1,7.58,3.46,7.86,138,-5.259366566,5.841118328,200507
2013-09-20,PLT0010,piceab,390.8309937,150.1600037,731983.731,4713372.06,731983.731,4713372.06,21.4,1.3,1.3,NA,NA,NA,166,NA,NA,200501
2013-09-20,PLT0010,querru,384.9760132,147.5890045,731977.876,4713369.489,731983.0195,4713375.406,38.2,31.2,16.1,6.12,3.41,7.84,221,5.143502787,5.916923109,200451
2013-09-20,PLT0010,querru,384.8049927,148.003006,731977.705,4713369.903,731983.2206,4713375.615,37.8,20.8,18,4.25,4.17,7.94,224,5.515587461,5.711558015,200452
2013-09-20,PLT0010,piceab,386.8640137,153.3800049,731979.764,4713375.28,731983.1909,4713375.58,21,21.1,17.3,2.04,2.3,3.44,265,3.426909761,0.299815755,200480
2013-09-20,PLT0010,piceab,388.2130127,156.0039978,731981.113,4713377.904,731983.4513,4713376.554,13.3,1.3,1.3,NA,NA,2.7,300,2.33826859,-1.35,200479
2013-09-20,PLT0010,querru,388.9909973,158.8200073,731981.891,4713380.72,731983.4244,4713376.267,26.3,22.1,17.4,3.57,0.89,4.71,341,1.533426007,-4.453392491,200476
2013-09-20,PLT0010,piceab,390.8150024,158.7709961,731983.715,4713380.671,731983.4053,4713376.242,20.4,15.1,9.9,3.41,2.34,4.44,4,-0.309718743,-4.429184383,200493
2013-09-20,PLT0011,acerru,416.4559937,195.9340057,732009.356,4713417.834,732007.6151,4713422.617,45.5,24.4,13.4,2.99,7.67,5.09,160,-1.74088253,4.78303544,210614
2013-09-20,PLT0011,tsugca,414.928009,196.6089935,732007.828,4713418.509,732007.828,4713421.369,25.5,13.8,1.9,4.34,3.31,2.86,180,-7.01E-16,2.86,210612
2013-09-20,PLT0011,querru,411.8970032,193.0980072,732004.797,4713414.998,732007.0868,4713422.045,44.4,27.8,14.2,2.63,4.8,7.41,198,2.289815928,7.047328786,210608
2013-09-20,PLT0011,querru,414.1239929,198.6300049,732007.024,4713420.53,732008.0732,4713422.209,29.4,20.3,9.5,3.07,3.73,1.98,212,1.049240143,1.67913523,210611
2013-09-20,PLT0011,querru,409.3139954,199.5970001,732002.214,4713421.497,732008.1359,4713421.807,38.6,27.5,10.7,2.91,2.31,5.93,267,5.921873141,0.310352221,210598
2013-09-20,PLT0011,quervu,411.1300049,203.9420013,732004.03,4713425.842,732006.8316,4713421.689,40.5,22.6,17.3,3.86,6.97,5.01,326,2.801556446,-4.153478239,210680
2013-09-20,PLT0011,querru,416.5209961,205.0149994,732009.421,4713426.915,732007.7177,4713422.235,47.4,25,14.2,9.44,0.73,4.98,20,-1.703260314,-4.679669252,210684
2013-09-20,PLT0045,betupa,400.2179871,119.586998,731993.118,4713341.487,731994.4358,4713338.527,23,24.3,11.3,3.35,0.72,3.24,336,1.317826724,-2.959887283,210309
2013-09-20,PLT0045,betual,401.2099915,121.0139999,731994.11,4713342.914,731994.4204,4713338.475,27.1,18.1,2.6,2.02,1.18,4.45,356,0.310416308,-4.439160024,210371
2013-09-20,PLT0045,quervu,407.4500122,117.8010025,732000.35,4713339.701,731994.1498,4713338.155,38,24.7,12.3,3.33,3.12,6.39,76,-6.200189691,-1.545880913,210313
2013-09-20,PLT0045,betule,404.3710022,110.6230011,731997.271,4713332.523,731994.196,4713338.306,36.5,24.6,9.2,5,3.46,6.55,152,-3.075038736,5.783306733,210323
2013-09-20,PLT0045,pinust,400.7860107,112.5390015,731993.686,4713334.439,731994.6838,4713337.919,33.8,24.2,19,0.79,1.67,3.62,196,0.997807228,3.479767339,210308
2013-09-20,PLT0045,piceab,398.118988,106.7200012,731991.019,4713328.62,731994.4242,4713337.048,49.5,30,13.5,2.76,3.59,9.09,202,3.405173934,8.428101238,200382
2013-09-20,PLT0045,querru,391.9219971,109.4410019,731984.822,4713331.341,731993.9073,4713337.942,46.3,27.6,12.8,2.28,5.93,11.23,234,9.085260847,6.600828383,200379
2013-09-20,PLT0045,querru,394.8460083,118.8249969,731987.746,4713340.725,731993.4643,4713339.193,36.6,27.6,15.8,5.26,3.88,5.92,285,5.718280892,-1.532208747,200364
2013-09-20,PLT0045,querru,394.9389954,118.651001,731987.839,4713340.551,731993.2563,4713338.139,33.6,27.9,11.2,2.67,2.77,5.93,294,5.417324564,-2.411948293,200365
2013-09-20,PLT0045,piceab,397.8590088,119.7360001,731990.759,4713341.636,731990.759,4713341.636,18.1,1.3,1.3,NA,NA,NA,320,NA,NA,200368
2013-09-20,PLT0042,acerru,466.006012,102.5559998,732058.906,4713324.456,732062.9879,4713321.267,30.1,27.7,7.2,4.2,4.85,5.18,308,4.081895704,-3.189126442,240495
2013-09-20,PLT0042,acerru,465.993988,102.1900024,732058.894,4713324.09,732063.6361,4713320.891,31.3,28.8,5.5,4.47,3.74,5.72,304,4.742094915,-3.198583408,240494
2013-09-20,PLT0042,querru,469.4840088,107.8399963,732062.384,4713329.74,732064.2473,4713323.242,46.6,27.3,13.5,6.18,9.01,6.76,344,1.863308525,-6.498129065,240489
2013-09-20,PLT0042,acerru,473.5140076,102.5240021,732066.414,4713324.424,732064.3454,4713321.776,23.3,23.2,7.9,3.25,0.54,3.36,38,-2.068622557,-2.647716132,240550
2013-09-20,PLT0042,acerru,473.7120056,102.5770035,732066.612,4713324.477,732064.3033,4713321.522,27.5,21.3,11.8,0.31,7.76,3.75,38,-2.308730532,-2.955040326,240551
2013-09-20,PLT0042,acerru,473.4020081,102.2060013,732066.302,4713324.106,732063.7961,4713322.148,29.4,29.5,13.5,6.8,1.06,3.18,52,-2.505874196,-1.957803492,240548
2013-09-20,PLT0042,acerru,473.7980042,102.2939987,732066.698,4713324.194,732063.8341,4713322.113,25.1,18.1,9.5,0.27,3,3.54,54,-2.86392016,-2.080759793,240553
2013-09-20,PLT0042,acerru,473.5849915,102.1419983,732066.485,4713324.042,732063.6016,4713322.24,22.3,19.6,5.3,2.51,3.12,3.4,58,-2.883363527,-1.801725498,240554
2013-09-20,PLT0042,querru,478.8420105,99.2983017,732071.742,4713321.198,732065.0181,4713322.143,35.3,22.5,18.9,0,0,6.79,98,-6.723920187,0.944985356,240450
2013-09-20,PLT0042,querru,478.5899963,99.6595993,732071.49,4713321.56,732063.8971,4713322.898,17.5,12.7,4.99,0.63,5.69,7.71,100,-7.592867776,1.33882745,240448
2013-09-20,PLT0042,querru,NA,NA,731592.9,4713221.9,731586.7383,4713223.667,38.1,24.9,13.5,4.31,6.03,6.41,106,-6.161687471,1.766835451,240446
2013-09-20,PLT0042,querru,477.947998,98.56819916,732070.848,4713320.468,732065.1669,4713322.097,29.8,23.7,13.5,8.44,0.48,5.91,106,-5.681056623,1.629016773,240447
2013-09-20,PLT0042,acerru,472.2059937,93.93659973,732065.106,4713315.837,732063.7338,4713322.292,21.9,17.1,7,1.44,4.3,6.6,168,-1.372217159,6.455774165,240438
2013-09-20,PLT0042,acerru,472.178009,93.63729858,732065.078,4713315.537,732063.7723,4713321.68,28,21.2,13.5,2.64,2.1,6.28,168,-1.305685418,6.142766933,240437
2013-09-20,PLT0042,betual,468.8259888,97.62039948,732061.726,4713319.52,732061.726,4713319.52,13.6,1.3,1.3,NA,NA,NA,NA,NA,NA,240431
2013-09-20,PLT0012,querru,450.9970093,82.35870361,732043.897,4713304.259,732045.592,4713301.323,49.9,24.4,11.2,2.21,4.73,3.39,330,1.695,-2.935826119,230331
2013-09-20,PLT0012,fraxam,455.2260132,85.40679932,732048.126,4713307.307,732046.8103,4713303.003,19.7,17.7,14.4,1.56,1.88,4.5,17,-1.315672671,-4.303371402,230340
2013-09-20,PLT0012,querru,455.178009,77.94110107,732048.078,4713299.841,732046.138,4713303.201,51.9,30.9,15.6,4.73,4.16,3.88,150,-1.94,3.360178567,230209
2013-09-20,PLT0012,acerru,454.8609924,79.54779816,732047.761,4713301.448,732046.711,4713303.266,9,13.8,4.9,1.28,1.7,2.1,150,-1.05,1.818653348,230207
2013-09-20,PLT0049,acerru,440.0889893,49.39419937,732032.989,4713271.294,732036.0859,4713272.673,20.9,19.6,13,2.53,3.01,3.39,246,3.096919101,1.37883722,230109
2013-09-20,PLT0049,piceab,439.6679993,49.23899841,732032.568,4713271.139,732035.841,4713272.461,12.5,11.7,10,1.22,1.18,3.53,248,3.272959007,1.322361275,220170
2013-09-20,PLT0049,querru,438.1390076,50.85649872,732031.039,4713272.756,732036.0897,4713272.315,27.5,16.1,14.3,2.47,1.06,5.07,275,5.050707119,-0.441879616,220159
2013-09-20,PLT0049,piceab,440.6629944,50.5481987,732033.563,4713272.448,732033.563,4713272.448,12.1,1.3,1.3,NA,NA,NA,NA,NA,NA,230144
2013-09-20,PLT0049,acerru,442.6109924,57.17760086,732035.511,4713279.078,732035.7427,4713272.442,25.5,23.7,13.3,2.84,0.75,6.64,358,0.231732658,-6.635955091,230125
2013-09-20,PLT0049,querru,447.6740112,51.63729858,732040.574,4713273.537,732036.3185,4713272.236,28,19.8,10,1.3,0.34,4.45,73,-4.255556164,-1.301054086,230142
2013-09-20,PLT0049,querru,447.6650085,51.37129974,732040.565,4713273.271,732036.2377,4713272.112,35.1,25.6,16.4,1.48,2.11,4.48,75,-4.327347702,-1.159509322,230141
2013-09-20,PLT0049,querru,446.2940063,47.9253006,732039.194,4713269.825,732036.5751,4713272.537,25,22.3,11.2,4.66,1.19,3.77,136,-2.618862057,2.711911047,230112
2013-09-20,PLT0049,querru,447.3619995,45.12860107,732040.262,4713267.029,732036.3413,4713271.87,29.6,25.5,12,1.27,2.42,6.23,141,-3.920666036,4.84161934,230117
2013-09-20,PLT0049,quervu,445.1789856,45.91699982,732038.079,4713267.817,732036.4133,4713272.393,29.4,22.6,11.6,3.45,1.44,4.87,160,-1.665638098,4.576303063,230111
2013-09-20,PLT0049,querru,443.269989,40.11619949,732036.17,4713262.016,732035.4201,4713272.74,41.6,28.5,16.1,5.02,4.69,10.75,176,-0.749882093,10.72381354,230121
2013-09-26,PLT0001,querru,112.5749969,23.17670059,731705.475,4713245.077,731703.3386,4713242.242,25.1,14.9,11.9,0.87,3.45,3.55,37,-2.136443332,-2.835156061,60172
2013-09-26,PLT0001,pinure,115.2089996,25.69409943,731708.109,4713247.594,731703.0553,4713242.881,38.9,25.7,19.1,2,1,6.91,47,-5.053654078,-4.712608668,60176
2013-09-26,PLT0001,querru,112.4899979,21.33569908,731705.39,4713243.236,731702.9365,4713242.578,31.5,23.3,12.7,2.52,1.66,2.54,75,-2.453451599,-0.657400375,60190
2013-09-26,PLT0001,pinure,116.6689987,19.24699974,731709.569,4713241.147,731703.9539,4713243.53,29.4,23.8,20.7,1.08,0.8,6.1,113,-5.615079606,2.383459884,60061
2013-09-26,PLT0001,pinure,117.2740021,17.68420029,731710.174,4713239.584,731703.3338,4713243.694,34.5,29.8,23.4,2.6,1,7.98,121,-6.84019506,4.110003838,60060
2013-09-26,PLT0001,acerru,112.6819992,19.8484993,731705.582,4713241.748,731703.1531,4713242.881,14.9,15.6,8.1,2.72,2.53,2.68,115,-2.428904869,1.132616941,60056
2013-09-26,PLT0001,pinure,112.0279999,20.19610023,731704.928,4713242.096,731704.928,4713242.096,23.9,14.3,1.3,NA,NA,NA,127,NA,NA,60191
2013-09-26,PLT0001,pinure,114.1230011,14.54640007,731707.023,4713236.446,731703.491,4713243.378,38.2,26.7,23.5,1.25,1.6,7.78,153,-3.532046088,6.932030758,60050
2013-09-26,PLT0001,pinure,110.2330017,15.44029999,731703.133,4713237.34,731702.8431,4713242.873,41.8,27.4,22.9,1.39,2.09,5.54,177,-0.289941198,5.532407623,60053
2013-09-26,PLT0001,pinure,108.8119965,17.50959969,731701.712,4713239.41,731701.712,4713239.41,31.1,15.6,1.3,NA,NA,NA,207,NA,NA,60039
2013-09-26,PLT0001,pinure,102.8310013,19.23800087,731695.731,4713241.138,731702.4154,4713243.704,35.4,25.5,21.5,0.81,1.61,7.16,249,6.684435854,2.565914519,60030
2013-09-26,PLT0001,pinure,107.3460007,20.80130005,731700.246,4713242.701,731700.246,4713242.701,36.1,12.9,1.3,NA,NA,NA,270,NA,NA,60115
2013-09-26,PLT0001,pinure,104.3330002,24.11240005,731697.233,4713246.012,731700.5773,4713244.453,36.3,27.8,19.2,1.25,0.73,3.69,295,3.344275734,-1.559461386,60119
2013-09-26,PLT0047,tsugca,58.87030029,180.3430023,731651.7703,4713402.243,731651.091,4713398.748,29.1,21.5,12.4,1.64,1.25,3.56,11,-0.679280024,-3.494592773,31039
2013-09-26,PLT0047,tsugca,61.72859955,180.473999,731654.6286,4713402.374,731650.0256,4713399.608,38.2,24,12.5,1.5,0.93,5.37,59,-4.602988405,-2.765754462,40837
2013-09-26,PLT0047,tsugca,59.30490112,178.0119934,731652.2049,4713399.912,731650.2747,4713399.572,20.9,18.6,5.8,1.65,1.36,1.96,80,-1.930223196,-0.340350428,30967
2013-09-26,PLT0047,pinust,59.75699997,174.5279999,731652.657,4713396.428,731650.907,4713399.459,67.8,30.6,19.1,3.56,2.97,3.5,150,-1.75,3.031088913,30968
2013-09-26,PLT0047,tsugca,52.64920044,171.6889954,731645.5492,4713393.589,731649.7048,4713399.309,35.7,18.2,5.8,1.59,3.53,7.07,216,4.155641734,5.71975015,30971
2013-09-26,PLT0047,tsugca,55.89860153,178.0939941,731648.7986,4713399.994,731652.3493,4713400.749,53.6,22,6.9,3.13,3.57,3.63,258,3.550675791,0.754719438,30966
2013-09-26,PLT0047,tsugca,55.09759903,182.0370026,731647.9976,4713403.937,731650.5626,4713399.494,31,22.7,13.5,2.57,1.89,5.13,330,2.565,-4.442710321,31040
2013-09-26,PLT0047,pinust,53.41930008,185.0740051,731646.3193,4713406.974,731651.3293,4713398.296,59.8,26.9,19.6,3.2,2.98,10.02,330,5.01,-8.677574546,31032
2013-09-26,PLT0005,tsugca,66.01069641,214.1569977,731658.9107,4713436.057,731658.0311,4713431.532,41.8,11.8,1.3,NA,NA,4.61,11,-0.879629469,-4.525301316,40916
2013-09-26,PLT0005,pinust,65.93289948,215.4100037,731658.8329,4713437.31,731657.5965,4713430.949,69.7,26.1,17.1,5.14,2.71,6.48,11,-1.23644229,-6.360944149,40914
2013-09-26,PLT0005,pinust,66.50520325,213.8829956,731659.4052,4713435.783,731657.6783,4713431.509,47.6,23,15.3,4.66,0.51,4.61,22,-1.726936396,-4.27431757,40915
2013-09-26,PLT0005,pinust,71.728302,212.4799957,731664.6283,4713434.38,731659.0679,4713430.769,59.3,28.9,17.3,2.85,2.26,6.63,57,-5.560385865,-3.610956802,40923
2013-09-26,PLT0005,pinust,77.46910095,209.173996,731670.3691,4713431.074,731658.9122,4713432.278,63,28.9,19.1,1.49,1.55,11.52,96,-11.45689223,1.204167897,40950
2013-09-26,PLT0005,pinust,71.61000061,207.9929962,731664.51,4713429.893,731658.0994,4713432.1,40.4,25.4,19.1,0.98,2,6.78,109,-6.410615943,2.207352087,40947
2013-09-26,PLT0005,pinust,71.5605011,207.7709961,731664.4605,4713429.671,731658.4496,4713432.222,49.8,28.1,21.3,3.34,1.04,6.53,113,-6.010896693,2.551474269,40946
2013-09-26,PLT0005,tsugca,65.88359833,204.3070068,731658.7836,4713426.207,731658.7836,4713431.457,40.7,24,11.7,1.03,5.17,5.25,180,-1.29E-15,5.25,40895
2013-09-26,PLT0005,tsugca,64.69180298,206.3280029,731657.5918,4713428.228,731658.4511,4713431.435,20.8,10.1,1.3,NA,NA,3.32,195,0.85927923,3.206873743,40889
2013-09-26,PLT0005,tsugca,64.45089722,206.5379944,731657.3509,4713428.438,731659.0716,4713430.895,28.6,22.3,13.9,0.48,1.22,3,215,1.720729309,2.457456133,40888
2013-09-26,PLT0005,tsugca,63.7195015,206.2510071,731656.6195,4713428.151,731659.0056,4713431.559,29.6,12.1,1.3,NA,NA,4.16,215,2.386077975,3.407672504,40886
2013-09-26,PLT0005,pinust,59.29339981,204.6620026,731652.1934,4713426.562,731659.2651,4713431.332,71.1,31.2,18.3,2.57,4.44,8.53,236,7.071690494,4.769915467,31093
2013-09-26,PLT0005,tsugca,63.11100006,209.9080048,731656.011,4713431.808,731658.0607,4713431.772,41.8,22.9,11.7,2.33,3.31,2.05,271,2.049687775,-0.035777433,40887
2013-09-26,PLT0005,pinust,62.11330032,219.9109955,731655.0133,4713441.811,731657.0511,4713431.327,61.1,28.1,18.9,2.39,4.72,10.68,349,2.037840071,-10.48377832,40912
2013-09-26,PLT0005,pinust,63.56499863,216.826004,731656.465,4713438.726,731657.7951,4713431.182,33.8,18.3,14,1.23,1,7.66,350,1.330145041,-7.543627388,40913
2013-09-26,PLT0013,tsugca,158.9980011,222.697998,731751.898,4713444.598,731752.7975,4713439.497,35.5,24.5,14.4,4.34,1.85,5.18,350,0.89949756,-5.101304161,80990
2013-09-26,PLT0013,tsugca,160.3699951,227.0180054,731753.27,4713448.918,731751.442,4713439.514,51.9,23.4,12.8,2.59,3.27,9.58,11,-1.827950176,-9.403988417,90854
2013-09-26,PLT0013,tsugca,163.0950012,219.4839935,731755.995,4713441.384,731751.3879,4713440.405,23.3,18.8,11.9,1.85,0.55,4.71,78,-4.607075199,-0.979264064,90811
2013-09-26,PLT0013,acerru,167.1549988,216.9440002,731760.055,4713438.844,731752.4909,4713441.449,38.5,22.5,13.8,4.1,2.96,8,109,-7.564148605,2.604545236,90817
2013-09-26,PLT0013,tsugca,159.4349976,216.048996,731752.335,4713437.949,731751.8179,4713440.609,24.4,18.8,9.5,2.51,1.16,2.71,169,-0.517092377,2.660209667,80894
2013-09-26,PLT0013,tsugca,159.2619934,214.2460022,731752.162,4713436.146,731752.6543,4713440.156,33.8,20.5,12.2,1.69,3.24,4.04,187,0.492352147,4.009886453,80895
2013-09-26,PLT0013,pinust,156.5209961,213.4600067,731749.421,4713435.36,731751.8544,4713440.136,44.3,26.1,14.9,2,2.52,5.36,207,2.433389079,4.77579497,80896
2013-09-26,PLT0013,pinust,153.1880035,214.8159943,731746.088,4713436.716,731749.6881,4713442.26,39,25.6,16.8,1.67,1.84,6.61,213,3.600064021,5.543612454,80892
2013-09-26,PLT0013,pinust,146.7120056,213.2319946,731739.612,4713435.132,731751.8271,4713440.317,56.7,27.5,19.1,2.33,2.86,13.27,247,12.21509941,5.185002075,80877
2013-09-26,PLT0013,tsugca,157.2429962,219.4669952,731750.143,4713441.367,731752.4264,4713440.536,44.2,23.1,14.4,2.49,1.23,2.43,290,2.283453069,-0.831108948,80893
2013-09-26,PLT0013,tsugca,155.8890076,224.654007,731748.789,4713446.554,731752.3342,4713440.881,36.4,23,14.5,3.02,2.51,6.69,328,3.545159878,-5.673441763,80989
2013-09-26,PLT0017,tsugca,162.0890045,183.0740051,731754.989,4713404.974,731752.4629,4713396.712,48.8,23.6,12.8,3.59,1.48,8.64,17,-2.526091529,-8.262473092,90737
2013-09-26,PLT0017,tsugca,162.6369934,177.0870056,731755.537,4713398.987,731753.3137,4713396.603,35.9,19.9,9,2.35,1.45,3.26,43,-2.223314654,-2.384213067,90676
2013-09-26,PLT0017,pinust,169.3200073,179.6860046,731762.22,4713401.586,731753.222,4713396.391,58.3,26.1,15.9,3.48,2.77,10.39,60,-8.998003945,-5.195,90682
2013-09-26,PLT0017,acerru,162.6609955,173.2700043,731755.561,4713395.17,731753.6722,4713395.857,35.3,22.6,13.5,3.5,2.97,2.01,110,-1.888782168,0.687460488,90674
2013-09-26,PLT0017,tsugca,163.2929993,171.0099945,731756.193,4713392.91,731754.218,4713396.331,24.5,17.4,13,0.26,2.64,3.95,150,-1.975,3.420800345,90699
2013-09-26,PLT0017,tsugca,160.5829926,171.9210052,731753.483,4713393.821,731753.443,4713396.111,35.3,20.5,18.9,1.51,3.17,2.29,179,-0.039966011,2.289651222,90673
2013-09-26,PLT0017,tsugca,163.0829926,164.8529968,731755.983,4713386.753,731754.0177,4713396.864,54.9,22.4,12.5,2.65,2.34,10.3,169,-1.965332652,10.11075999,90667
2013-09-26,PLT0017,tsugca,157.0749969,172.7149963,731749.975,4713394.615,731754.5131,4713396.541,31.7,1.3,1.3,NA,NA,4.93,247,4.538088928,1.926304463,80752
2013-09-26,PLT0017,tsugca,159.2409973,174.1799927,731752.141,4713396.08,731753.6575,4713396.486,9.7,8,1.4,1.42,1.88,1.57,255,1.516503547,0.406345901,80749
2013-09-26,PLT0017,tsugca,152.7610016,177.904007,731745.661,4713399.804,731751.9782,4713395.044,37.5,20.3,12.2,3.64,1.98,7.91,307,6.317206884,-4.760356833,80744
2013-09-26,PLT0026,pinust,209.6049957,128.5200043,731802.505,4713350.42,731796.3222,4713343.553,60,26.2,14.3,3.61,2.63,9.24,42,-6.182766803,-6.866658187,110538
2013-09-26,PLT0026,quervu,207.9620056,123.5830002,731800.862,4713345.483,731797.8796,4713344.217,27.3,19.5,11,0.46,2.92,3.24,67,-2.982435725,-1.265968856,110542
2013-09-26,PLT0026,quervu,206.1130066,122.3740005,731799.013,4713344.274,731796.6706,4713343.986,22.3,19.8,1.3,NA,NA,2.36,83,-2.342408918,-0.28761165,110546
2013-09-26,PLT0026,pinure,NA,NA,731592.9,4713221.9,731586.0138,4713223.364,36.1,24.3,18.3,1.79,2.01,7.04,102,-6.886159109,1.463698303,110570
2013-09-26,PLT0026,pinure,206.4530029,119.3539963,731799.353,4713341.254,731796.4696,4713343.85,24.9,20.3,16,1.98,0.37,3.88,132,-2.883401923,2.596226753,110480
2013-09-26,PLT0026,pinure,207.3399963,117.788002,731800.24,4713339.688,731798.5735,4713345.139,43.3,27.9,19.2,1.52,2.68,5.7,163,-1.666518717,5.450937109,110481
2013-09-26,PLT0026,piceab,205.0379944,118.0049973,731797.938,4713339.905,731795.1563,4713343.105,20.9,15.5,7.4,1.16,1.29,4.24,139,-2.781690283,3.19996862,110479
2013-09-26,PLT0026,piceab,204.201004,119.9039993,731797.101,4713341.804,731795.6642,4713343.457,15.4,13.7,7,1.66,1.17,2.19,139,-1.436769273,1.652813981,110478
2013-09-26,PLT0026,pinure,203.9019928,116.1240005,731796.802,4713338.024,731796.6954,4713344.133,42.7,27.4,20.9,1.87,2.59,6.11,179,-0.106634203,6.109069417,110476
2013-09-26,PLT0026,pinure,203.0310059,117.3899994,731795.931,4713339.29,731796.6162,4713343.616,29.5,20.2,16.2,3.31,0.45,4.38,189,0.685182957,4.326074932,110477
2013-09-26,PLT0026,pinure,199.6779938,116.0390015,731792.578,4713337.939,731796.7272,4713344.09,43.4,24.2,18.4,0.83,1.83,7.42,214,4.149211344,6.151458788,100697
2013-09-26,PLT0026,pinure,198.9839935,118.8779984,731791.884,4713340.778,731797.0352,4713344.66,33.9,23.8,17.7,1.38,1.17,6.45,233,5.15119904,3.881706899,100694
2013-09-26,PLT0033,querru,218.9730072,157.5529938,731811.873,4713379.453,731811.762,4713376.275,19.7,20.7,14,0.62,2.52,3.18,2,-0.1109804,-3.17806283,110633
2013-09-26,PLT0033,querru,220.2369995,159.3630066,731813.137,4713381.263,731811.965,4713376.187,28.2,24.3,12.5,0.82,3.02,5.21,13,-1.171994993,-5.076468038,120501
2013-09-26,PLT0033,tsugca,225.022995,159.2420044,731817.923,4713381.142,731812.6719,4713376.245,30.7,15.2,5.2,3.81,3.45,7.18,47,-5.251119578,-4.896748225,120503
2013-09-26,PLT0033,querru,220.8399963,156.7169952,731813.74,4713378.617,731811.4232,4713376.807,21.9,19.2,13,1.5,0.27,2.94,52,-2.316751616,-1.810044737,120498
2013-09-26,PLT0033,pinust,225.7749939,156.3099976,731818.675,4713378.21,731811.7612,4713377.115,37.3,24.1,16.7,1.16,1.08,7,81,-6.913818384,-1.095041255,120505
2013-09-26,PLT0033,pinust,227.0879974,150.5939941,731819.988,4713372.494,731812.3556,4713377.263,47.6,26.9,13.3,1.33,1.15,9,122,-7.632432865,4.769273378,120510
2013-09-26,PLT0033,tsugca,221.772995,154.0359955,731814.673,4713375.936,731812.4293,4713378.517,31,19.2,17.3,3.67,2.02,3.42,139,-2.243721879,2.581106764,120496
2013-09-26,PLT0033,querru,216.503006,151.8249969,731809.403,4713373.725,731811.9706,4713376.896,32.5,23.1,12.2,2.66,0.49,4.08,219,2.567627195,3.170755523,110637
2013-09-26,PLT0033,pinust,214.7879944,156.1860046,731807.688,4713378.086,731812.1645,4713375.706,48.7,25.1,17,1.16,3.17,5.07,298,4.476544296,-2.380220823,110623
2013-09-26,PLT0033,pinust,217.3040009,156.3139954,731810.204,4713378.214,731812.4255,4713376.35,22.9,23.3,19.4,0.65,0.39,2.9,310,2.221528885,-1.864084068,110631
2013-09-26,PLT0033,acerru,218.3339996,157.0570068,731811.234,4713378.957,731812.2303,4713376.362,26.2,22,10.2,3.02,2.57,2.78,339,0.9962629,-2.595353586,110632
2013-09-26,PLT0046,pinust,236.7940063,136.4609985,731829.694,4713358.361,731830.6006,4713354.434,25.2,17.6,15.9,0.58,0.57,4.03,347,0.906552749,-3.926711361,120454
2013-09-26,PLT0046,piceab,238.6470032,138.7079926,731831.547,4713360.608,731831.3306,4713354.412,38.3,24,16.7,3.08,1.91,6.2,2,-0.21637688,-6.196223128,120453
2013-09-26,PLT0046,piceab,238.6199951,134.5350037,731831.52,4713356.435,731830.674,4713354.535,14.8,10.9,8.7,0.46,0.49,2.08,24,-0.846012218,-1.900174552,120455
2013-09-26,PLT0046,querru,241.5800018,133.9420013,731834.48,4713355.842,731829.8401,4713354.061,36.2,24.3,15.2,0.55,3.67,4.97,69,-4.63989472,-1.781088709,130420
2013-09-26,PLT0046,pinust,240.1089935,132.003006,731833.009,4713353.903,731830.063,4713354.057,34.8,22.6,15.2,1.16,0.77,2.95,93,-2.945957128,0.154391071,130419
2013-09-26,PLT0046,acerru,239.9029999,130.9490051,731832.803,4713352.849,731830.837,4713354.226,10.6,14.3,8.8,2.43,1.9,2.4,125,-1.965964906,1.376583447,120459
2013-09-26,PLT0046,querru,237.0420074,129.8549957,731829.942,4713351.755,731828.355,4713353.939,19.6,21.7,14.7,0.43,2.58,2.7,144,-1.587020181,2.184345885,120469
2013-09-26,PLT0046,piceab,232.802002,126.322998,731825.702,4713348.223,731831.095,4713354.65,39.1,24.4,12.7,2.51,1.77,8.39,220,5.392988045,6.427112878,120464
2013-09-26,PLT0046,pinust,228.3540039,131.5549927,731821.254,4713353.455,731831.0905,4713353.971,45.8,27.8,16,1.87,3.17,9.85,267,9.836500917,0.515509169,120441
2013-09-26,PLT0046,acerru,236.8390045,132.9920044,731829.739,4713354.892,731831.069,4713354.892,10.8,14.1,2.8,2.54,1.05,1.33,270,1.33,4.07E-16,120458
2013-09-26,PLT0046,pinust,236.1730042,133.3560028,731829.073,4713355.256,731831.772,4713354.633,28,15.2,1.3,NA,NA,2.77,283,2.699005079,-0.623114421,120457
2013-09-26,PLT0046,piceab,236.1529999,134.0379944,731829.053,4713355.938,731831.2039,4713354.068,30.5,23.4,17.9,0.94,0.81,2.85,311,2.150922304,-1.869768233,120456
2013-09-26,PLT0046,querru,230.4420013,134.4759979,731823.342,4713356.376,731830.2807,4713352.992,39.6,22.6,12.4,4.16,5.08,7.72,296,6.938690037,-3.384225253,120447
2013-09-26,PLT0018,acerru,336.901001,148.2140045,731929.801,4713370.114,731929.5282,4713368.173,16.6,19.4,7.4,1.66,2.17,1.96,8,-0.272779278,-1.940925415,171287
2013-09-26,PLT0018,querru,340.8529968,150.3379974,731933.753,4713372.238,731928.7398,4713368.728,43.3,25.8,12.1,1.91,6.84,6.12,55,-5.013210511,-3.51028779,180859
2013-09-26,PLT0018,querru,341.9020081,142.8350067,731934.802,4713364.735,731931.5315,4713370.178,30.7,20.6,14,1.82,4.53,6.35,149,-3.270491776,5.443012359,180831
2013-09-26,PLT0018,querru,341.5880127,142.8159943,731934.488,4713364.716,731929.9949,4713370.071,34.7,23.6,15,3.02,4.27,6.99,140,-4.493085392,5.354650657,180830
2013-09-26,PLT0018,querru,336.0119934,141.0399933,731928.912,4713362.94,731931.4725,4713367.965,39.7,24.5,12.9,3.9,3,5.64,207,2.560506419,5.025276796,171292
2013-09-26,PLT0018,querru,335.0109863,146.6150055,731927.911,4713368.515,731929.7758,4713367.945,29.9,20.5,11.4,3.67,0.41,1.95,287,1.864794274,-0.570124824,171286
2013-09-26,PLT0018,querru,332.572998,148.1369934,731925.473,4713370.037,731929.7667,4713368.125,33.5,25.5,14.3,1.53,3.32,4.7,294,4.293663651,-1.911662222,171285
2013-09-26,PLT0018,querru,334.1730042,150.9309998,731927.073,4713372.831,731929.5649,4713368.335,37,22.1,11.7,1.92,2.61,5.14,331,2.491921448,-4.495545295,171283
2013-09-26,PLT0034,querru,357.8359985,150.878006,731950.736,4713372.778,731949.0174,4713365.334,34.8,20.7,14.5,0.88,1.88,7.64,13,-1.718626055,-7.444187295,180875
2013-09-26,PLT0034,piceab,356.5559998,147.0269928,731949.456,4713368.927,731948.8441,4713366.277,15.4,13.3,9.4,2.26,1.43,2.72,13,-0.611866868,-2.650286576,180886
2013-09-26,PLT0034,querru,363.7579956,142.8000031,731956.658,4713364.7,731948.7181,4713366.827,60,27.3,12.7,2.93,6.69,8.22,105,-7.939910292,2.127492551,190524
2013-09-26,PLT0034,piceab,358.6440125,141.7720032,731951.544,4713363.672,731949.4571,4713365.91,33.8,26,13.2,1.34,1.74,3.06,137,-2.086914982,2.237942327,180892
2013-09-26,PLT0034,querru,355.6530151,139.5449982,731948.553,4713361.445,731949.8911,4713366.439,32.3,26.2,15.3,2.82,0.55,5.17,195,1.338094463,4.993836522,180807
2013-09-26,PLT0034,querru,355.0589905,135.9160004,731947.959,4713357.816,731950.1124,4713365.853,44.9,26.5,11.8,1.98,2.51,8.32,195,2.153374455,8.036502875,180806
2013-09-26,PLT0034,acerru,353.4400024,143.7079926,731946.34,4713365.608,731948.6191,4713366.092,11.1,10.4,2.5,1.13,1.47,2.33,258,2.27908391,0.48443424,180882
2013-09-26,PLT0034,acerru,352.9530029,143.6560059,731945.853,4713365.556,731948.7626,4713365.505,18.7,8.4,1.3,NA,NA,2.91,271,2.909556793,-0.050786503,180881
2013-09-26,PLT0034,querru,354.0029907,145.5449982,731946.903,4713367.445,731949.2043,4713366.468,45.4,25.6,13.2,3.45,7.25,2.5,293,2.301262134,-0.976827821,180883
2013-09-26,PLT0006,piceab,366.0629883,121.8420029,731958.963,4713343.742,731958.6756,4713339.632,19.8,15.9,10.4,1.48,1.64,4.12,4,-0.287396672,-4.109963887,190460
2013-09-26,PLT0006,acerru,368.4089966,119.3300018,731961.309,4713341.23,731959.1717,4713339.437,18.6,19.2,2.8,1.98,1.18,2.79,50,-2.137263996,-1.793377431,190412
2013-09-26,PLT0006,querru,372.6149902,117.5739975,731965.515,4713339.474,731958.9872,4713340.743,36.4,22.9,12.2,3.15,3.2,6.65,101,-6.52782077,1.268879819,190424
2013-09-26,PLT0006,querru,369.2990112,111.2590027,731962.199,4713333.159,731959.1422,4713340.725,43.2,24.4,11,4.52,2.75,8.16,158,-3.056789802,7.565820253,190417
2013-09-26,PLT0006,piceab,367.8169861,115.4860001,731960.717,4713337.386,731959.3272,4713340.826,31.6,18.4,9.7,1.81,3.42,3.71,158,-1.389790462,3.4398521,190414
2013-09-26,PLT0006,querru,360.5419922,111.4990005,731953.442,4713333.399,731959.1564,4713340.209,44.8,24.3,12.4,8.09,0.74,8.89,220,5.71438185,6.810135099,190406
2013-09-26,PLT0006,acerru,365.5010071,118.2009964,731958.401,4713340.101,731959.8031,4713340.785,16.3,2.4,1.3,NA,NA,1.56,244,1.402118712,0.683858989,190411
2013-09-26,PLT0006,piceab,362.6119995,118.913002,731955.512,4713340.813,731959.0685,4713339.992,21.6,14.1,1.3,NA,NA,3.65,283,3.556450736,-0.821071348,190410
2013-09-26,PLT0006,betual,362.2600098,120.913002,731955.16,4713342.813,731958.2727,4713340.381,30.4,21.3,4.9,6.1,2.15,3.95,308,3.112642477,-2.431862828,190462
2013-09-26,PLT0044,pinust,258.5899963,72.28170013,731851.49,4713294.182,731852.1334,4713291.395,18.6,8.2,1.3,NA,NA,2.86,347,0.643360015,-2.786698385,130219
2013-09-26,PLT0044,pinust,260.6390076,71.91410065,731853.539,4713293.814,731851.6976,4713291.839,18,18.2,13.7,1.43,0.93,2.7,43,-1.841395572,-1.974654994,140275
2013-09-26,PLT0044,pinust,263.1830139,73.85079956,731856.083,4713295.751,731851.7305,4713292.471,27,17.7,13.1,1.44,1.54,5.45,53,-4.35256353,-3.279891876,140276
2013-09-26,PLT0044,tsugca,264.7179871,70.63580322,731857.618,4713292.536,731851.8315,4713292.738,29.6,16.8,6.3,3.22,2.76,5.79,92,-5.786472888,0.202068086,140293
2013-09-26,PLT0044,acerru,259.6690063,68.13700104,731852.569,4713290.037,731851.7067,4713291.974,19.8,20.7,11.5,1.26,2.7,2.12,156,-0.862281683,1.93671637,130228
2013-09-26,PLT0044,acerru,259.3890076,68.32749939,731852.289,4713290.227,731852.1621,4713292.043,13.8,20.5,10.7,0.47,2.56,1.82,176,-0.126956782,1.815566571,130229
2013-09-26,PLT0044,betupa,259.4129944,65.48789978,731852.313,4713287.388,731852.2352,4713291.847,27,15.1,1.3,NA,NA,4.46,179,-0.077837733,4.45932072,130231
2013-09-26,PLT0044,tsugca,252.7180023,67.83570099,731845.618,4713289.736,731851.4865,4713293.403,39.8,24.2,8,2.36,1.82,6.92,238,5.868492825,3.667041308,130226
2013-09-26,PLT0044,tsugca,256.5979919,70.32939911,731849.498,4713292.229,731852.2413,4713292.038,35,23.5,10.7,2.26,1.92,2.75,274,2.743301138,-0.191830303,130221
2013-09-26,PLT0044,tsugca,253.8139954,72.18740082,731846.714,4713294.087,731852.0845,4713292.238,39.1,19.8,9.2,1.61,4.98,5.68,289,5.370545509,-1.849227117,130222
2013-09-26,PLT0044,tsugca,257.3070068,71.40809631,731850.207,4713293.308,731852.1708,4713291.412,30.8,23.3,6.8,3.17,1.37,2.73,314,1.963797655,-1.896417351,130220
2013-09-26,PLT0044,acerru,254.3970032,74.61920166,731847.297,4713296.519,731851.9443,4713291.707,30.4,21.2,12.4,2.09,1.23,6.69,316,4.647264498,-4.812383264,130206
2013-10-03,PLT0040,betupa,262.9970093,280.276001,731855.897,4713502.176,731854.9859,4713503.43,26.5,23.3,11.3,3.08,1.3,1.55,144,-0.911067141,1.253976341,141162
2013-10-03,PLT0040,pinust,261.9769897,276.2850037,731854.877,4713498.185,731854.7988,4713502.664,39.2,25,17.8,1.4,2.73,4.48,179,-0.078186781,4.479317674,141098
2013-10-03,PLT0040,tsugca,258.7789917,278.4519958,731851.679,4713500.352,731855.0879,4713503.212,19.3,9.8,1.5,7.48,3.45,4.45,230,3.408897772,2.860404863,130929
2013-10-03,PLT0040,acerru,258.7319946,279.8120117,731851.632,4713501.712,731854.7837,4713503.115,20.2,20.5,5.9,2.53,2.49,3.45,246,3.151731829,1.403241419,130926
2013-10-03,PLT0040,pinust,259.6080017,280.8999939,731852.508,4713502.8,731852.508,4713500.37,16.1,1.3,1.3,NA,NA,2.43,NA,2.98E-16,-2.43,131027
2013-10-03,PLT0040,pinust,250.8860016,284.0979919,731843.786,4713505.998,731854.7503,4713503.264,55,28.5,16.4,1.6,2.55,11.3,284,10.96434171,-2.73371742,131011
2013-10-03,PLT0040,acerru,265.3970032,285.2619934,731858.297,4713507.162,731854.2466,4713503.997,21.5,22.8,11,1.72,2.65,5.14,52,-4.050375274,-3.164499983,141158
2013-10-03,PLT0040,betule,266.118988,281.7720032,731859.019,4713503.672,731854.6115,4713502.815,27.8,23.7,7.9,3.52,2.4,4.49,79,-4.407506054,-0.856732389,141161
2013-10-03,PLT0040,querru,265.0490112,279.6069946,731857.949,4713501.507,731856.2861,4713504.507,39.4,NA,NA,1.81,2.68,3.43,151,-1.662896997,2.999945595,141103
2013-10-03,PLT0038,querru,328.8970032,304.0280151,731921.797,4713525.928,731920.287,4713526.664,35.4,24.6,13.4,3.92,2.09,1.68,116,-1.509973998,0.736463527,171802
2013-10-03,PLT0038,quervu,331.1350098,302.4809875,731924.035,4713524.381,731920.034,4713526.691,22.3,22.6,11.8,0.05,1.86,4.62,120,-4.001037365,2.31,171877
2013-10-03,PLT0038,tsugca,328.2399902,300.5870056,731921.14,4713522.487,731919.7577,4713525.908,19,7.9,7.8,3.36,2.75,3.69,158,-1.38229833,3.421308423,171803
2013-10-03,PLT0038,acerru,324.4530029,299.9200134,731917.353,4713521.82,731920.2332,4713525.784,23.3,19.9,11.7,3.18,1.93,4.9,216,2.880147736,3.964183272,171722
2013-10-03,PLT0038,querru,328.3519897,307.651001,731921.252,4713529.551,731919.0373,4713526.612,43.3,27.2,10.3,4.4,3.11,3.68,37,-2.214679285,-2.938978677,171797
2013-10-03,PLT0038,tsugca,329.3340149,306.1099854,731922.234,4713528.01,731920.289,4713525.996,15.4,10.4,1.8,3.45,2.73,2.8,44,-1.945043437,-2.014151441,171799
2013-10-03,PLT0038,quervu,333.1409912,309.5050049,731926.041,4713531.405,731920.1594,4713527.132,46.2,25,10.3,3.23,6.61,7.27,54,-5.881553549,-4.273198784,171883
2013-10-03,PLT0007,querru,253.279007,313.881012,731846.179,4713535.781,731847.5212,4713538.796,44.5,23,10,2.65,0,3.3,204,1.342230922,3.01470001,131056
2013-10-03,PLT0007,querru,253.7059937,313.8640137,731846.606,4713535.764,731847.5239,4713538.965,41.4,25,12.7,4.43,2.98,3.33,196,0.917872395,3.201001447,131057
2013-10-03,PLT0007,querru,255.3890076,310.3150024,731848.289,4713532.215,731847.83,4713538.779,50.9,29.8,11.2,1.65,6.58,6.58,176,-0.458997597,6.563971451,131068
2013-10-03,PLT0007,tsugca,257.5840149,312.5589905,731850.484,4713534.459,731847.058,4713538.542,17.7,12.4,0.6,3.88,2.17,5.33,140,-3.42605796,4.083016882,131065
2013-10-03,PLT0007,querru,260.17099,315.9620056,731853.071,4713537.862,731847.2645,4713538.065,46.6,22.6,11.4,3.08,2.85,5.81,92,-5.806460705,0.202766076,141239
2013-10-03,PLT0007,querru,263.5270081,315.1010132,731856.427,4713537.001,731847.1864,4713538.136,42.1,25,11.7,2.04,5.75,9.31,97,-9.240604672,1.134603587,141238
2013-10-03,PLT0007,tsugca,260.8770142,321.151001,731853.777,4713543.051,731847.2482,4713538.308,40.7,14.5,2,4.26,4.78,8.07,54,-6.528767145,-4.743426986,141278
2013-10-03,PLT0007,querru,255.7279968,320.4519958,731848.628,4713542.352,731846.8211,4713538.806,39.6,24.2,11.9,0.62,8.69,3.98,27,-1.806882189,-3.546205966,131151
2013-10-03,PLT0007,tsugca,252.6840057,318.8559875,731845.584,4713540.756,731847.2734,4713539.181,15.7,11.5,1.8,2.61,1.52,2.31,313,1.689427051,-1.575416212,131060
2013-10-03,PLT0007,Fagugr,250.3549957,315.4150085,731843.255,4713537.315,731847.2769,4713538.779,28.7,19.3,4.2,5.56,4.8,4.28,250,4.021884417,1.463846213,131058
2013-10-03,PLT0015,querru,252.6970062,350.4570007,731845.597,4713572.357,731847.866,4713573.667,56.5,28.6,11.1,7.32,7.49,2.62,240,2.268986558,1.31,131203
2013-10-03,PLT0015,tsugca,255.871994,349.7479858,731848.772,4713571.648,731848.109,4713573.375,9.1,7.4,1.3,2.11,2.29,1.85,159,-0.662980707,1.727123789,131205
2013-10-03,PLT0035,tsugca,181.8370056,343.7680054,731774.737,4713565.668,731773.5143,4713565.928,37.3,22.2,11.9,2.36,5.68,1.25,102,-1.222684501,0.259889614,101400
2013-10-03,PLT0035,tsugca,179.0740051,340.4129944,731771.974,4713562.313,731774.1716,4713565.571,47.2,22.4,10.3,1.81,4.99,3.93,214,2.197628111,3.25811766,91251
2013-10-03,PLT0035,tsugca,179.0429993,341.7279968,731771.943,4713563.628,731774.0549,4713565.278,21.4,20.9,10.9,1.88,0.7,2.68,232,2.11186882,1.649972754,91250
2013-10-03,PLT0035,tsugca,175.9819946,343.3619995,731768.882,4713565.262,731770.1512,4713565.218,26.3,16.3,3.6,2.69,5.37,1.27,272,1.26922635,-0.044322361,91253
2013-10-03,PLT0035,tsugca,181.9660034,347.9370117,731774.866,4713569.837,731773.474,4713566.012,26,22.7,7.2,1.82,2.44,4.07,20,-1.392021983,-3.824548967,101402
2013-10-03,PLT0035,tsugca,181.4499969,346.0280151,731774.35,4713567.928,731773.5162,4713566.055,34,23.9,7.7,2.17,1.6,2.05,24,-0.833810118,-1.872768188,101401
2013-10-03,PLT0035,pinust,185.2359924,347.8829956,731778.136,4713569.783,731774.3088,4713566.337,50.8,26.1,11.8,3.12,4.14,5.15,48,-3.827195851,-3.446022623,101405
2013-10-03,PLT0008,tsugca,192.0350037,459.6040039,731784.935,4713681.504,731785.9538,4713679.588,26.8,14,6.4,5.44,1.75,2.17,332,1.018753291,-1.915996277,101815
2013-10-03,PLT0008,tsugca,195.0350037,461.8479919,731787.935,4713683.748,731787.021,4713679.046,30,14.8,9.2,2.27,2.41,4.79,11,-0.913975088,-4.701994209,101927
2013-10-03,PLT0008,tsugca,196.8220062,460.1319885,731789.722,4713682.032,731786.4562,4713678.878,39.1,21.1,13.3,4.4,2.5,4.54,46,-3.265802694,-3.153749002,101924
2013-10-03,PLT0008,acerru,196.9790039,455.5910034,731789.879,4713677.491,731786.042,4713678.964,24.2,20.1,11.6,2.36,1.67,4.11,111,-3.837015553,1.472892273,101819
2013-10-03,PLT0008,tsugca,200.072998,452.5,731792.973,4713674.4,731786.3987,4713678.834,34.6,20.6,2.4,3.08,3.68,7.93,124,-6.57426795,4.434399725,111758
2013-10-03,PLT0008,tsugca,191.6430054,453.7659912,731784.543,4713675.666,731785.9334,4713678.648,42.7,21.3,4.6,4.5,3.86,3.29,205,1.390414081,2.981752619,101812
2013-10-03,PLT0008,acerru,187.8220062,455.1700134,731780.722,4713677.07,731786.5224,4713678.303,27.5,18.6,9.2,1.8,3.45,5.93,258,5.800415272,1.232916327,101804
2013-10-03,PLT0008,tsugca,188.2339935,456.381012,731781.134,4713678.281,731786.2735,4713679.003,27.3,18.3,11.4,2.52,1.74,5.19,262,5.139491277,0.722308394,101803
2013-10-03,PLT0008,tsugca,187.1779938,457.5830078,731780.078,4713679.483,731786.4927,4713680.157,30.8,15.5,9.1,2.08,4.8,6.45,264,6.414666225,0.674208588,101801
2013-10-03,PLT0008,acerru,189.8730011,460.8150024,731782.773,4713682.715,731786.5519,4713678.802,26.5,18.7,11.1,2.19,1.67,5.44,316,3.778941535,-3.913208514,101877
2013-10-03,PLT0008,acerru,190.7810059,460.0700073,731783.681,4713681.97,731785.8617,4713678.969,17,19.3,12.5,3.02,0.52,3.71,324,2.180683286,-3.001453049,101929
2013-10-03,PLT0027,tsugca,123.9940033,420.8649902,731716.894,4713642.765,731715.3241,4713640.756,24.2,18.6,9.6,4.07,1.32,2.55,38,-1.569936762,-2.009427422,71840
2013-10-03,PLT0027,querru,127.5279999,419.2990112,731720.428,4713641.199,731715.2012,4713641.382,33.5,19.4,12.1,5.23,3.67,5.23,92,-5.226814025,0.182524368,71778
2013-10-03,PLT0027,pinust,123.487999,417.0190125,731716.388,4713638.919,731715.5526,4713640.987,19.1,15.2,NA,NA,NA,2.23,158,-0.835372703,2.067619996,71775
2013-10-03,PLT0027,tsugca,120.9420013,411.5509949,731713.842,4713633.451,731715.0512,4713641.086,40.8,22,9.5,4.18,3.59,7.73,189,1.209238415,7.634830873,71774
2013-10-03,PLT0027,pinust,116.7679977,410.928009,731709.668,4713632.828,731715.6025,4713640.156,38.3,19.7,13.4,5.08,6.05,9.43,219,5.934491288,7.328486417,61838
2013-10-03,PLT0027,tsugca,119.8379974,418.6279907,731712.738,4713640.528,731715.5746,4713641.505,29.3,16.6,6.6,3.34,2.16,3,251,2.836555727,0.976704463,61834
2013-10-03,PLT0027,pinust,118.1729965,418.9049988,731711.073,4713640.805,731716.163,4713641.52,43.8,24.2,13.7,5.17,2.96,5.14,262,5.089977873,0.715349739,61832
2013-10-03,PLT0027,tsugca,119.8580017,419.1849976,731712.758,4713641.085,731714.9626,4713640.931,21,8.7,NA,NA,NA,2.21,274,2.204616551,-0.154161807,61833
2013-10-03,PLT0027,pinust,114.3219986,421.3269958,731707.222,4713643.227,731715.1978,4713641.238,52.1,24.2,12.9,4.92,9.92,8.22,284,7.97583087,-1.988597982,61947
2013-10-03,PLT0027,acerru,118.7979965,423.1610107,731711.698,4713645.061,731716.0467,4713640.712,25.2,21.9,13.1,-0.94,3.79,6.15,315,4.348706704,-4.348706704,61945
2013-10-03,PLT0027,betule,121.2929993,420.4049988,731714.193,4713642.305,731715.3874,4713640.776,17.5,19.7,11.7,1.73,4.2,1.94,322,1.194383262,-1.528740862,71841
2013-10-03,PLT0027,betule,121.4250031,420.45401,731714.325,4713642.354,731715.4083,4713640.916,19,2.7,NA,NA,NA,1.8,323,1.083267042,-1.437543918,71842
2013-10-03,PLT0027,betule,124.5289993,424.6459961,731717.429,4713646.546,731714.8594,4713641.503,25.1,20.2,11,3.1,4.66,5.66,27,-2.569586229,-5.043096927,71839
2013-10-03,PLT0027,tsugca,124.512001,424.1629944,731717.412,4713646.063,731714.7853,4713641.691,23.8,18.8,8,1.49,2.98,5.1,31,-2.626694182,-4.371553234,71838
2013-10-03,PLT0009,tsugca,96.64040375,377.4719849,731689.5404,4713599.372,731690.7781,4713598.296,18.9,18.4,7.6,2.43,2.87,1.64,311,1.237723712,-1.075936808,51774
2013-10-03,PLT0009,tsugca,100.3679962,383.9890137,731693.268,4713605.889,731690.5365,4713597.956,45.4,24,11.1,3.79,3.42,8.39,19,-2.731516816,-7.932900849,61703
2013-10-03,PLT0009,tsugca,101.052002,379.631012,731693.952,4713601.531,731690.8004,4713598.031,41.4,24.2,10.4,5.61,1.09,4.71,42,-3.151605156,-3.500212128,61630
2013-10-03,PLT0009,tsugca,101.8079987,379.3299866,731694.708,4713601.23,731690.2989,4713598.027,33.5,21.1,9.8,2.35,1.63,5.45,54,-4.409142619,-3.203429625,61632
2013-10-03,PLT0009,tsugca,106.8059998,373.9219971,731699.706,4713595.822,731691.4141,4713597.736,52.7,22.4,10.4,7.44,4.44,8.51,103,-8.291889251,1.914333472,61638
2013-10-03,PLT0009,querru,102.9820023,368.4159851,731695.882,4713590.316,731691.4896,4713598.24,55.7,18.3,10.8,5.93,2.09,9.06,151,-4.392375159,7.924054547,61615
2013-10-03,PLT0009,tsugca,99.31089783,370.427002,731692.2109,4713592.327,731691.3652,4713597.123,68.6,20.3,8,5.83,5.22,4.87,170,-0.845666625,4.796013757,51777
2013-10-03,PLT0009,pinust,96.3588028,373.9519958,731689.2588,4713595.852,731690.3788,4713597.792,32.5,22.2,13.4,3.02,2.36,2.24,210,1.12,1.939896904,51776
2013-10-03,PLT0009,acerru,94.55619812,372.644989,731687.4562,4713594.545,731690.7652,4713597.74,28.9,19.7,11.3,1.54,4.6,4.6,226,3.308963082,3.195428504,51782
2013-10-03,PLT0009,tsugca,93.18240356,375.4750061,731686.0824,4713597.375,731690.3063,4713597.745,33.5,22.7,7.3,3.01,3.65,4.24,265,4.22386552,0.369540349,51771
2013-10-03,PLT0009,betual,NA,NA,731592.9,4713221.9,731596.3482,4713218.795,25.8,16.5,9.5,2.01,4.53,4.64,312,3.44819199,-3.104766014,51773
2013-10-03,PLT0029,tsugca,17.44029999,464.5880127,731610.3403,4713686.488,731609.0076,4713686.348,11.2,7.1,1.7,2.24,3.07,1.34,84,-1.33265934,-0.140068141,12646
2013-10-03,PLT0029,querru,19.67300034,461.2319946,731612.573,4713683.132,731609.0206,4713687.679,56.1,19.6,9.8,3.57,6.46,5.77,142,-3.552366713,4.546822048,12645
2013-10-03,PLT0029,betule,17.11009979,465.4349976,731610.0101,4713687.335,731609.5156,4713688.623,6.7,7.8,5.2,5.2,1.32,1.38,159,-0.49454777,1.288340989,12643
2013-10-03,PLT0029,pinust,17.01619911,464.0859985,731609.9162,4713685.986,731609.0262,4713683.247,55.3,26.4,14.5,5.4,2.55,2.88,18,-0.889968944,-2.739042767,12647
2013-10-03,PLT0029,tsugca,16.13570023,465.571991,731609.0357,4713687.472,731614.0613,4713694.389,11,8,1.8,3.53,1.07,8.55,216,5.025563907,6.917095302,12652
2013-10-03,PLT0029,querru,6.929860115,464.8630066,731599.8299,4713686.763,731608.3832,4713688.118,52.3,22.3,10.9,4.04,5.15,8.66,261,8.55338103,1.354722467,12556
2013-10-03,PLT0029,kalmla,14.22469997,468.0759888,731607.1247,4713689.976,731607.8347,4713688.453,4.5,3.6,3.2,-0.22,0.77,1.68,335,0.70999868,-1.522597082,12628
2013-10-03,PLT0029,acerru,18.36319923,468.0679932,731611.2632,4713689.968,731607.9041,4713688.256,14.8,17.3,12.6,2.87,2.62,3.77,63,-3.359094596,-1.711544184,12637
2013-10-03,PLT0029,acerru,24.19919968,466.1170044,731617.0992,4713688.017,731609.8592,4713688.017,29.9,22.7,12.6,2.42,1.94,7.24,90,-7.24,-1.33E-15,22409
2013-10-03,PLT0023,tsugca,27.51510048,293.8840027,731620.4151,4713515.784,731619.7071,4713517.536,29.8,13.8,6.7,3.47,3.71,1.89,158,-0.708006462,1.752377485,21134
2013-10-03,PLT0023,tsugca,21.43110085,283.696991,731614.3311,4713505.597,731621.198,4713515.778,51.5,26.8,8,2.93,4.7,12.28,214,6.866888855,10.18058139,21117
2013-10-03,PLT0023,tsugca,19.41040039,289.6520081,731612.3104,4713511.552,731620.6896,4713516.007,49.4,24.6,8.9,3.6,3.86,9.49,242,8.379172656,4.455285131,11034
2013-10-03,PLT0023,pinust,23.38710022,292.7189941,731616.2871,4713514.619,731620.5151,4713516.327,45,28.3,16.4,3.27,2.4,4.56,248,4.227958377,1.708206066,21135
2013-10-03,PLT0023,querru,17.94409943,291.7600098,731610.8441,4713513.66,731620.5781,4713515.907,47,22.1,11.6,4.9,7.76,9.99,257,9.733956947,2.247261033,11024
2013-10-03,PLT0023,tsugca,22.80529976,300.4970093,731615.7053,4713522.397,731620.4115,4713516.152,48.3,24.7,11.1,5.27,3.92,7.82,323,4.706193481,-6.245329689,21171
2013-10-03,PLT0023,piceru,28.15010071,299.1919861,731621.0501,4713521.092,731620.1593,4713516.04,29.5,23,14,1.26,1.12,5.13,10,-0.890815151,-5.052063773,21130
2013-10-03,PLT0023,tsugca,29.42880058,304.2720032,731622.3288,4713526.172,731620.0896,4713515.637,64.5,27.8,14,5.98,2.73,10.77,12,-2.23920891,-10.53464966,21161
2013-10-03,PLT0023,tsugca,35.06510162,296.4630127,731627.9651,4713518.363,731620.0128,4713516.673,48.7,26.3,13.8,2.59,5.29,8.13,78,-7.952339994,-1.690322046,21137
2013-10-03,PLT0023,tsugca,36.27740097,294.5029907,731629.1774,4713516.403,731620.979,4713517.41,36.2,10.7,NA,NA,NA,8.26,97,-8.198431213,1.006640777,21138
2013-10-03,PLT0023,tsugca,28.61510086,294.5119934,731621.5151,4713516.412,731619.7051,4713517.374,40.1,21.6,10.2,5.46,3.24,2.05,118,-1.810042565,0.962416704,21133
2013-10-03,PLT0023,pinust,30.36020088,289.1619873,731623.2602,4713511.062,731620.3502,4713515.905,67.4,29.9,14.3,3.21,11.57,5.65,149,-2.909965123,4.842995249,21144
2013-10-04,PLT0014,fraxam,676.0089722,273.2929993,732268.909,4713495.193,732267.519,4713495.193,41.5,26.5,17.6,4.26,3.89,1.39,90,-1.39,-2.55E-16,341299
2013-10-04,PLT0014,tsugca,679.3270264,271.0390015,732272.227,4713492.939,732266.594,4713494.554,45.5,25.4,5.5,4.28,3.43,5.86,106,-5.632993538,1.615234905,341296
2013-10-04,PLT0014,tsugca,670.2360229,266.1199951,732263.136,4713488.02,732265.0558,4713492.332,53.6,19.5,3.7,6.3,3.83,4.72,204,1.919796955,4.31193456,341302
2013-10-04,PLT0014,tsugca,671.8540039,271.1719971,732264.754,4713493.072,732265.3154,4713494.006,9,8.4,3.9,1.64,1.67,1.09,211,0.561391502,0.934312358,341301
2013-10-04,PLT0014,tsugca,669.0159912,272.8659973,732261.916,4713494.766,732266.3274,4713493.828,42.1,13.1,3.3,4.61,5.38,4.51,282,4.411445679,-0.937681726,341284
2013-10-04,PLT0014,tsugca,671.6459961,273.5400085,732264.546,4713495.44,732265.7638,4713494.087,8.8,1.6,NA,NA,NA,1.82,318,1.217817704,-1.352523582,341285
2013-10-04,PLT0014,acerru,672.0009766,274.4060059,732264.901,4713496.306,732265.9472,4713494.866,36.4,19.6,8.7,3.85,4.38,1.78,324,1.046257749,-1.44005025,341286
2013-10-04,PLT0014,acerru,672.0540161,273.8930054,732264.954,4713495.793,732266.447,4713493.738,26.4,19,9.6,-2.45,7.75,2.54,324,1.492974541,-2.054903166,341287
2013-10-04,PLT0014,tsugca,671.7399902,277.2380066,732264.64,4713499.138,732265.4384,4713495.382,28.4,18.1,8,5.78,4.98,3.84,348,0.798380893,-3.756086787,341289
2013-10-04,PLT0014,betual,676.9459839,275.3280029,732269.846,4713497.228,732265.9452,4713495.066,25.4,19.2,12.1,4.71,4.47,4.46,61,-3.900803894,-2.162250906,341293
2013-10-04,PLT0014,betual,676.7050171,274.6279907,732269.605,4713496.528,732265.9697,4713494.676,19.8,3,NA,NA,NA,4.08,63,-3.635306619,-1.852281239,341294
2013-10-04,PLT0014,tsugca,676.0380249,273.7489929,732268.938,4713495.649,732266.7628,4713494.814,17.9,15.7,8.2,3.26,1.68,2.33,69,-2.175242394,-0.834997322,341300
2013-10-04,PLT0014,fraxam,676.0089722,273.2929993,732268.909,4713495.193,732266.8304,4713494.975,37.5,35.5,17.4,4.94,3.63,2.09,84,-2.078550761,-0.218464488,341298
2013-10-04,PLT0014,tsugca,681.6619873,274.2520142,732274.562,4713496.152,732265.8073,4713495.846,52.3,25,7.3,2.24,5.07,8.76,88,-8.754663645,-0.305719591,351298
2013-10-04,PLT0048,tsugca,637.7219849,279.4110107,732230.622,4713501.311,732229.2798,4713499.593,10.9,5.8,NA,NA,NA,2.18,38,-1.342142016,-1.717863443,321660
2013-10-04,PLT0048,betual,640.4940186,279.7539978,732233.394,4713501.654,732230.1356,4713499.199,24.5,19.8,9.2,4.7,2.96,4.08,53,-3.258432881,-2.455405294,331544
2013-10-04,PLT0048,acerru,641.1309814,272.5270081,732234.031,4713494.427,732229.7282,4713498.301,38.2,22.7,12.2,3.51,5.44,5.79,132,-4.30280854,3.874266211,331535
2013-10-04,PLT0048,acerru,639.4450073,271.875,732232.345,4713493.775,732230.8308,4713498.435,31,8.3,NA,NA,NA,4.9,162,-1.514183272,4.66017693,321670
2013-10-04,PLT0048,querru,635.6170044,270.6229858,732228.517,4713492.523,732230.3307,4713498.848,39.9,23.3,11.4,3.57,3.46,6.58,196,1.813693801,6.325101959,321676
2013-10-04,PLT0048,tsugca,635.2069702,276.5360107,732228.107,4713498.436,732230.5071,4713498.816,18.6,12,3.3,2.7,1.84,2.43,261,2.400082668,0.38013575,321658
2013-10-04,PLT0022,tsugca,661.3330078,351.6289978,732254.233,4713573.529,732254.4987,4713572.022,32.5,17.9,8.8,3.03,0.51,1.53,350,0.265681712,-1.506755862,341626
2013-10-04,PLT0022,tsugca,661.9550171,353.1059875,732254.855,4713575.006,732252.3884,4713572.936,33.6,23.6,14.4,1.85,1.75,3.22,50,-2.466663107,-2.069776103,341628
2013-10-04,PLT0022,tsugca,663.0440063,355.9530029,732255.944,4713577.853,732254.2753,4713572.717,46,25.9,9.9,2.59,3.53,5.4,18,-1.66869177,-5.135705188,341629
2013-10-04,PLT0022,tsugca,663.7139893,351.8240051,732256.614,4713573.724,732254.9337,4713571.649,32.1,21,9.6,2.15,1.28,2.67,39,-1.680285444,-2.074979717,341640
2013-10-04,PLT0022,acerru,663.8519897,350.4330139,732256.752,4713572.333,732254.4875,4713571.372,28,19.9,14.4,1.11,0.49,2.46,67,-2.264441939,-0.961198576,341638
2013-10-04,PLT0022,pinust,668.0109863,349.6950073,732260.911,4713571.595,732255.3418,4713571.692,41.4,22.6,14,1.16,2.63,5.57,91,-5.569151662,0.097209904,341614
2013-10-04,PLT0022,tsugca,663.2880249,347.5960083,732256.188,4713569.496,732254.5285,4713573.223,27.7,16,5.9,1.68,2.06,4.08,156,-1.659485504,3.727265467,341612
2013-10-04,PLT0022,tsugca,662.375,348.2529907,732255.275,4713570.153,732254.0467,4713572.912,9.8,2.7,NA,NA,NA,3.02,156,-1.228344662,2.758907282,341609
2013-10-04,PLT0022,tsugca,661.4379883,347.427002,732254.338,4713569.327,732254.0234,4713572.923,20.7,10.1,4.9,1.75,1.69,3.61,175,-0.314632231,3.59626286,341604
2013-10-04,PLT0022,querru,660.5200195,347.553009,732253.42,4713569.453,732254.344,4713572.901,18.8,16.4,9.7,-0.33,2.87,3.57,195,0.923983991,3.4483552,341607
2013-10-04,PLT0022,querru,661.1970215,349.7770081,732254.097,4713571.677,732255.1832,4713572.495,15,17,8,1.09,5.4,1.36,233,1.086144294,0.818468431,341608
2013-10-04,PLT0022,tsugca,660.0830078,352.6220093,732252.983,4713574.522,732254.7544,4713572.484,30.5,19.3,9.8,0.54,2.73,2.7,319,1.771359378,-2.037715867,341627
2013-10-04,PLT0030,betual,680.6740112,458.0090027,732273.574,4713679.909,732272.696,4713682.196,22,15.7,8.5,2.08,3.34,2.45,159,-0.878001476,2.287272045,352251
2013-10-04,PLT0030,betual,680.0880127,458.7399902,732272.988,4713680.64,732272.7862,4713682.076,11.3,7.7,6.9,0,0,1.45,172,-0.201800996,1.4358887,352253
2013-10-04,PLT0030,pinust,675.2349854,454.5190125,732268.135,4713676.419,732271.265,4713682.836,38.3,22.7,15.4,2.43,1.66,7.14,206,3.129969988,6.417389491,342292
2013-10-04,PLT0030,pinust,675.7089844,454.5979919,732268.609,4713676.498,732274.4386,4713681.39,48.8,20.8,13.9,1.19,3.98,7.61,230,5.829598212,4.89161371,342291
2013-10-04,PLT0030,tsugca,678.0219727,458.4240112,732270.922,4713680.324,732273.1046,4713680.828,10.3,7.3,2.1,2.2,1.92,2.24,257,2.182588945,0.503890362,342287
2013-10-04,PLT0030,pinust,676.0529785,457.8359985,732268.953,4713679.736,732273.7522,4713679.652,22,16.8,10.4,0.35,1.48,4.8,271,4.799268937,-0.083771551,342286
2013-10-04,PLT0030,pinust,674.4329834,461.1549988,732267.333,4713683.055,732272.2113,4713680.883,26.3,16.6,9.6,1.52,2.48,5.34,294,4.878332744,-2.171973674,342475
2013-10-04,PLT0030,querru,677.0189819,462.9039917,732269.919,4713684.804,732272.0551,4713680.787,15.9,15.6,11.9,0.94,2.63,4.55,332,2.136095611,-4.017411548,342471
2013-10-04,PLT0030,betule,677.8339844,465.0109863,732270.734,4713686.911,732272.6634,4713683.124,18.9,15.9,11.1,3.5,2.13,4.25,333,1.929459624,-3.786777728,342466
2013-10-04,PLT0030,acerru,680.9979858,459.6239929,732273.898,4713681.524,732272.8404,4713681.788,7,9.3,4.1,1.98,2.43,1.09,104,-1.057622342,0.263694866,352254
2013-10-04,PLT0037,acerru,NA,NA,731592.9,4713221.9,731592.3718,4713223.207,13.3,18.3,7.4,1.33,3.02,1.41,158,-0.528195297,1.307329235,282391
2013-10-04,PLT0037,querru,550.0949707,477.3519897,732142.995,4713699.252,732145.0898,4713706.558,40.3,23.3,12,4.82,4.8,7.6,196,2.094843904,7.305588889,282199
2013-10-04,PLT0037,acerru,550.4940186,481.0509949,732143.394,4713702.951,732146.9427,4713705.083,24,5,NA,NA,NA,4.14,239,3.548672625,2.13225763,282367
2013-10-04,PLT0037,acerru,550.5679932,485.6040039,732143.468,4713707.504,732145.9019,4713705.983,14.5,17.9,8.9,2.3,3.14,2.87,302,2.433898036,-1.520868288,282371
2013-10-04,PLT0037,tsugca,548.5789795,492.3770142,732141.479,4713714.277,732139.9785,4713715.831,11,8.4,3.2,2.73,2.39,2.16,136,-1.50046208,1.553773969,282340
